Review,Age_Group
Liked the movie,Under_20
Liked the movie,Under_20
Liked the movie,Under_20
Liked the movie,Under_20
Liked the movie,Under_20
Liked the movie,Under_20
Liked the movie,Under_20
Liked the movie,Under_20
Liked the movie,Under_20
Liked the movie,Under_20
Liked the movie,Under_20
Liked the movie,Under_20
Liked the movie,Under_20
Liked the movie,Under_20
Liked the movie,Under_20
Liked the movie,Under_20
Liked the movie,Under_20
Liked the movie,Under_20
Liked the movie,Under_20
Liked the movie,Under_20
Liked the movie,Under_20
Liked the movie,Under_20
Liked the movie,Under_20
Liked the movie,Under_20
Liked the movie,Under_20
Liked the movie,Under_20
Liked the movie,Under_20
Liked the movie,Under_20
Liked the movie,Under_20
Liked the movie,Under_20
Liked the movie,Under_20
Liked the movie,Under_20
Liked the movie,Under_20
Liked the movie,Under_20
Liked the movie,Under_20
Liked the movie,Under_20
Liked the movie,Under_20
Liked the movie,Under_20
Liked the movie,Under_20
Liked the movie,Under_20
Liked the movie,Under_20
Liked the movie,Under_20
Liked the movie,Under_20
Liked the movie,Under_20
Liked the movie,Under_20
Liked the movie,Under_20
Liked the movie,Under_20
Liked the movie,Under_20
Liked the movie,Under_20
Liked the movie,Under_20
Liked the movie,Under_20
Liked the movie,Under_20
Liked the movie,Under_20
Liked the movie,Under_20
Liked the movie,Under_20
Liked the movie,Under_20
Liked the movie,Under_20
Liked the movie,Under_20
Liked the movie,Under_20
Liked the movie,Under_20
Liked the movie,Under_20
Liked the movie,Under_20
Liked the movie,Under_20
Liked the movie,Under_20
Liked the movie,Under_20
Liked the movie,Under_20
Liked the movie,Under_20
Liked the movie,Under_20
Liked the movie,Under_20
Liked the movie,Under_20
Liked the movie,Under_20
Liked the movie,Under_20
Liked the movie,Under_20
Liked the movie,Under_20
Liked the movie,Under_20
Liked the movie,Under_20
Liked the movie,Under_20
Liked the movie,Under_20
Liked the movie,Under_20
Liked the movie,Under_20
Liked the movie,Under_20
Liked the movie,Under_20
Liked the movie,Under_20
Liked the movie,Under_20
Liked the movie,Under_20
Liked the movie,Under_20
Liked the movie,Under_20
Liked the movie,Under_20
Liked the movie,Under_20
Liked the movie,Under_20
Liked the movie,Under_20
Liked the movie,Under_20
Liked the movie,Under_20
Liked the movie,Under_20
Liked the movie,Under_20
Liked the movie,Under_20
Liked the movie,Under_20
Liked the movie,Under_20
Liked the movie,Under_20
Liked the movie,Under_20
Liked the movie,Under_20
Liked the movie,Under_20
Liked the movie,Under_20
Liked the movie,Under_20
Liked the movie,Under_20
Liked the movie,Under_20
Liked the movie,Under_20
Liked the movie,Under_20
Liked the movie,Under_20
Liked the movie,Under_20
Liked the movie,Under_20
Liked the movie,Under_20
Liked the movie,Under_20
Liked the movie,Under_20
Liked the movie,Under_20
Liked the movie,Under_20
Liked the movie,Under_20
Liked the movie,Under_20
Liked the movie,Under_20
Liked the movie,Under_20
Liked the movie,Under_20
Liked the movie,Under_20
Liked the movie,Under_20
Liked the movie,Under_20
Liked the movie,Under_20
Liked the movie,Under_20
Liked the movie,Under_20
Liked the movie,Under_20
Liked the movie,Under_20
Liked the movie,Under_20
Liked the movie,Under_20
Liked the movie,Under_20
Liked the movie,Under_20
Liked the movie,Under_20
Liked the movie,Under_20
Liked the movie,Under_20
Liked the movie,Under_20
Liked the movie,Under_20
Liked the movie,Under_20
Liked the movie,Under_20
Liked the movie,Under_20
Liked the movie,Under_20
Liked the movie,Under_20
Liked the movie,Under_20
Liked the movie,Under_20
Liked the movie,Under_20
Liked the movie,20-39
Liked the movie,20-39
Liked the movie,20-39
Liked the movie,20-39
Liked the movie,20-39
Liked the movie,20-39
Liked the movie,20-39
Liked the movie,20-39
Liked the movie,20-39
Liked the movie,20-39
Liked the movie,20-39
Liked the movie,20-39
Liked the movie,20-39
Liked the movie,20-39
Liked the movie,20-39
Liked the movie,20-39
Liked the movie,20-39
Liked the movie,20-39
Liked the movie,20-39
Liked the movie,20-39
Liked the movie,20-39
Liked the movie,20-39
Liked the movie,20-39
Liked the movie,20-39
Liked the movie,20-39
Liked the movie,20-39
Liked the movie,20-39
Liked the movie,20-39
Liked the movie,20-39
Liked the movie,20-39
Liked the movie,20-39
Liked the movie,20-39
Liked the movie,20-39
Liked the movie,20-39
Liked the movie,20-39
Liked the movie,20-39
Liked the movie,20-39
Liked the movie,20-39
Liked the movie,20-39
Liked the movie,20-39
Liked the movie,20-39
Liked the movie,20-39
Liked the movie,20-39
Liked the movie,20-39
Liked the movie,20-39
Liked the movie,20-39
Liked the movie,20-39
Liked the movie,20-39
Liked the movie,20-39
Liked the movie,20-39
Liked the movie,20-39
Liked the movie,20-39
Liked the movie,20-39
Liked the movie,20-39
Liked the movie,20-39
Liked the movie,20-39
Liked the movie,20-39
Liked the movie,20-39
Liked the movie,20-39
Liked the movie,20-39
Liked the movie,20-39
Liked the movie,20-39
Liked the movie,20-39
Liked the movie,20-39
Liked the movie,20-39
Liked the movie,20-39
Liked the movie,20-39
Liked the movie,20-39
Liked the movie,20-39
Liked the movie,20-39
Liked the movie,20-39
Liked the movie,20-39
Liked the movie,20-39
Liked the movie,20-39
Liked the movie,20-39
Liked the movie,20-39
Liked the movie,20-39
Liked the movie,20-39
Liked the movie,40-59
Liked the movie,40-59
Liked the movie,40-59
Liked the movie,40-59
Liked the movie,40-59
Liked the movie,40-59
Liked the movie,40-59
Liked the movie,40-59
Liked the movie,40-59
Liked the movie,40-59
Liked the movie,40-59
Liked the movie,40-59
Liked the movie,40-59
Liked the movie,40-59
Liked the movie,40-59
Liked the movie,40-59
Liked the movie,40-59
Liked the movie,40-59
Liked the movie,40-59
Liked the movie,40-59
Liked the movie,40-59
Liked the movie,40-59
Liked the movie,40-59
Liked the movie,40-59
Liked the movie,40-59
Liked the movie,40-59
Liked the movie,40-59
Liked the movie,40-59
Liked the movie,40-59
Liked the movie,40-59
Liked the movie,40-59
Liked the movie,40-59
Liked the movie,40-59
Liked the movie,40-59
Liked the movie,40-59
Liked the movie,40-59
Liked the movie,40-59
Liked the movie,40-59
Liked the movie,40-59
Liked the movie,40-59
Liked the movie,40-59
Liked the movie,40-59
Liked the movie,40-59
Liked the movie,40-59
Liked the movie,40-59
Liked the movie,40-59
Liked the movie,40-59
Liked the movie,40-59
Liked the movie,60 & over
Liked the movie,60 & over
Liked the movie,60 & over
Liked the movie,60 & over
Liked the movie,60 & over
Liked the movie,60 & over
Liked the movie,60 & over
Liked the movie,60 & over
Liked the movie,60 & over
Liked the movie,60 & over
Liked the movie,60 & over
Liked the movie,60 & over
Liked the movie,60 & over
Liked the movie,60 & over
Liked the movie,60 & over
Liked the movie,60 & over
Liked the movie,60 & over
Liked the movie,60 & over
Liked the movie,60 & over
Liked the movie,60 & over
Liked the movie,60 & over
Liked the movie,60 & over
Liked the movie,60 & over
Liked the movie,60 & over
Liked the movie,60 & over
Liked the movie,60 & over
Liked the movie,60 & over
Liked the movie,60 & over
Disliked the movie,Under_20
Disliked the movie,Under_20
Disliked the movie,Under_20
Disliked the movie,Under_20
Disliked the movie,Under_20
Disliked the movie,Under_20
Disliked the movie,Under_20
Disliked the movie,Under_20
Disliked the movie,Under_20
Disliked the movie,Under_20
Disliked the movie,Under_20
Disliked the movie,Under_20
Disliked the movie,Under_20
Disliked the movie,Under_20
Disliked the movie,Under_20
Disliked the movie,Under_20
Disliked the movie,Under_20
Disliked the movie,Under_20
Disliked the movie,Under_20
Disliked the movie,Under_20
Disliked the movie,Under_20
Disliked the movie,Under_20
Disliked the movie,Under_20
Disliked the movie,Under_20
Disliked the movie,Under_20
Disliked the movie,Under_20
Disliked the movie,Under_20
Disliked the movie,Under_20
Disliked the movie,Under_20
Disliked the movie,Under_20
Disliked the movie,Under_20
Disliked the movie,Under_20
Disliked the movie,Under_20
Disliked the movie,Under_20
Disliked the movie,Under_20
Disliked the movie,Under_20
Disliked the movie,Under_20
Disliked the movie,Under_20
Disliked the movie,Under_20
Disliked the movie,Under_20
Disliked the movie,Under_20
Disliked the movie,Under_20
Disliked the movie,Under_20
Disliked the movie,Under_20
Disliked the movie,Under_20
Disliked the movie,Under_20
Disliked the movie,Under_20
Disliked the movie,Under_20
Disliked the movie,Under_20
Disliked the movie,Under_20
Disliked the movie,Under_20
Disliked the movie,Under_20
Disliked the movie,Under_20
Disliked the movie,Under_20
Disliked the movie,20-39
Disliked the movie,20-39
Disliked the movie,20-39
Disliked the movie,20-39
Disliked the movie,20-39
Disliked the movie,20-39
Disliked the movie,20-39
Disliked the movie,20-39
Disliked the movie,20-39
Disliked the movie,20-39
Disliked the movie,20-39
Disliked the movie,20-39
Disliked the movie,20-39
Disliked the movie,20-39
Disliked the movie,20-39
Disliked the movie,20-39
Disliked the movie,20-39
Disliked the movie,20-39
Disliked the movie,20-39
Disliked the movie,20-39
Disliked the movie,20-39
Disliked the movie,20-39
Disliked the movie,40-59
Disliked the movie,40-59
Disliked the movie,40-59
Disliked the movie,40-59
Disliked the movie,40-59
Disliked the movie,40-59
Disliked the movie,40-59
Disliked the movie,40-59
Disliked the movie,40-59
Disliked the movie,40-59
Disliked the movie,40-59
Disliked the movie,40-59
Disliked the movie,40-59
Disliked the movie,40-59
Disliked the movie,40-59
Disliked the movie,40-59
Disliked the movie,40-59
Disliked the movie,40-59
Disliked the movie,40-59
Disliked the movie,40-59
Disliked the movie,40-59
Disliked the movie,40-59
Disliked the movie,40-59
Disliked the movie,40-59
Disliked the movie,40-59
Disliked the movie,40-59
Disliked the movie,40-59
Disliked the movie,40-59
Disliked the movie,40-59
Disliked the movie,40-59
Disliked the movie,40-59
Disliked the movie,40-59
Disliked the movie,40-59
Disliked the movie,40-59
Disliked the movie,40-59
Disliked the movie,40-59
Disliked the movie,40-59
Disliked the movie,40-59
Disliked the movie,40-59
Disliked the movie,40-59
Disliked the movie,40-59
Disliked the movie,40-59
Disliked the movie,60 & over
Disliked the movie,60 & over
Disliked the movie,60 & over
Disliked the movie,60 & over
Disliked the movie,60 & over
Disliked the movie,60 & over
Disliked the movie,60 & over
Disliked the movie,60 & over
Disliked the movie,60 & over
Disliked the movie,60 & over
Disliked the movie,60 & over
Disliked the movie,60 & over
Disliked the movie,60 & over
Disliked the movie,60 & over
Disliked the movie,60 & over
Disliked the movie,60 & over
Disliked the movie,60 & over
Disliked the movie,60 & over
Disliked the movie,60 & over
Disliked the movie,60 & over
Disliked the movie,60 & over
Disliked the movie,60 & over
Indifferent,Under_20
Indifferent,Under_20
Indifferent,Under_20
Indifferent,Under_20
Indifferent,Under_20
Indifferent,Under_20
Indifferent,Under_20
Indifferent,Under_20
Indifferent,Under_20
Indifferent,Under_20
Indifferent,Under_20
Indifferent,Under_20
Indifferent,Under_20
Indifferent,Under_20
Indifferent,Under_20
Indifferent,Under_20
Indifferent,Under_20
Indifferent,Under_20
Indifferent,Under_20
Indifferent,Under_20
Indifferent,20-39
Indifferent,20-39
Indifferent,20-39
Indifferent,20-39
Indifferent,20-39
Indifferent,20-39
Indifferent,20-39
Indifferent,20-39
Indifferent,20-39
Indifferent,20-39
Indifferent,40-59
Indifferent,40-59
Indifferent,40-59
Indifferent,40-59
Indifferent,40-59
Indifferent,40-59
Indifferent,40-59
Indifferent,40-59
Indifferent,40-59
Indifferent,40-59
Indifferent,60 & over
Indifferent,60 & over
Indifferent,60 & over
Indifferent,60 & over
Indifferent,60 & over
Indifferent,60 & over
Indifferent,60 & over
Indifferent,60 & over
Indifferent,60 & over
Indifferent,60 & over
Indifferent,60 & over
Indifferent,60 & over
Indifferent,60 & over
Indifferent,60 & over
Indifferent,60 & over
Indifferent,60 & over
Indifferent,60 & over
Indifferent,60 & over
Indifferent,60 & over
Indifferent,60 & over
